Hero Image,Details,Description,Name,Excursion Link
n,y,y,A Culinary Stroll Through Boston: In Partnership With Food & Wine Magazine,https://www.hollandamerica.com/en_US/shore-excursions/1010066/a-culinary-stroll-through-boston-in-partnership-with-food-wine-magazine.html
n,y,y,A Culinary Walk Through Portland: In Partnership With Food & Wine Magazine,https://www.hollandamerica.com/en_US/shore-excursions/1010067/a-culinary-walk-through-portland-in-partnership-with-food-wine-magazine.html
y,y,y,A Slice Of Key West,https://www.hollandamerica.com/en_US/shore-excursions/1010061/a-slice-of-key-west.html
y,y,y,A Stroll In The Park,https://www.hollandamerica.com/en_US/shore-excursions/1010056/a-stroll-in-the-park.html
y,y,y,A Stroll Through George Washington's Charleston,https://www.hollandamerica.com/en_US/shore-excursions/1010056/a-stroll-through-george-washington-s-charleston.html
y,y,y,A Stroll Through Quebec City & Tea At The Chateau Frontenac,https://www.hollandamerica.com/en_US/shore-excursions/1010056/a-stroll-through-quebec-city-tea-at-the-chateau-frontenac.html
n,y,y,A Stroll To Corner Brook Stream,https://www.hollandamerica.com/en_US/shore-excursions/1010066/a-stroll-to-corner-brook-stream.html
n,y,y,A Taste Of Charlottetown: Culinary Walk,https://www.hollandamerica.com/en_US/shore-excursions/1010056/a-taste-of-charlottetown-culinary-walk.html
n,y,y,A Taste Of Halifax,https://www.hollandamerica.com/en_US/shore-excursions/1010056/a-taste-of-halifax.html
n,y,y,A Taste Of Newfoundland,https://www.hollandamerica.com/en_US/shore-excursions/1010066/a-taste-of-newfoundland.html
y,y,y,A Taste Of The Cabot Trail,https://www.hollandamerica.com/en_US/shore-excursions/1010056/a-taste-of-the-cabot-trail.html
y,y,y,A Walk In The Park: Ocean Trail Hike,https://www.hollandamerica.com/en_US/shore-excursions/1010056/a-walk-in-the-park-ocean-trail-hike.html
n,y,y,A Walk Through Colonial Newport,https://www.hollandamerica.com/en_US/shore-excursions/1010067/a-walk-through-colonial-newport.html
y,y,y,A Walk Through Historic Halifax,https://www.hollandamerica.com/en_US/shore-excursions/1010056/a-walk-through-historic-halifax.html
n,y,y,A Walk Through Historic Saint John,https://www.hollandamerica.com/en_US/shore-excursions/1010066/a-walk-through-historic-saint-john.html
n,y,y,A Walk Through Old Quebec,https://www.hollandamerica.com/en_US/shore-excursions/1010056/a-walk-through-old-quebec.html
y,y,y,A Walk Through Old Quebec & Wine Tasting,https://www.hollandamerica.com/en_US/shore-excursions/1010056/a-walk-through-old-quebec-wine-tasting.html
n,y,y,A Walk Through Old Sydney Town,https://www.hollandamerica.com/en_US/shore-excursions/1010056/a-walk-through-old-sydney-town.html
n,n,n,"About Us

",https://www.hollandamerica.com/en_US/shore-excursions/1010063/acadia-by-sea-and-schoodic-peninsula.html
y,y,y,Acadia National Park,https://www.hollandamerica.com/en_US/shore-excursions/1010056/acadia-national-park.html
n,y,y,Acadia National Park & Carriage Ride,https://www.hollandamerica.com/en_US/shore-excursions/1010066/acadia-national-park-carriage-ride.html
y,y,y,Acadia National Park & Lobster Bake,https://www.hollandamerica.com/en_US/shore-excursions/1010056/acadia-national-park-lobster-bake.html
y,y,y,Acadia National Park (Wheelchair Accessible),https://www.hollandamerica.com/en_US/shore-excursions/1010056/acadia-national-park-wheelchair-accessible.html
y,y,y,Alligators & Airboats,https://www.hollandamerica.com/en_US/shore-excursions/1010060/alligators-airboats.html
y,y,y,American Presidents - Kennedy & Adams,https://www.hollandamerica.com/en_US/shore-excursions/1010056/american-presidents-kennedy-adams.html
y,y,y,An Intimate Look At Acadia National Park,https://www.hollandamerica.com/en_US/shore-excursions/1010056/an-intimate-look-at-acadia-national-park.html
n,y,y,Anne & Gilbert: The Musical,https://www.hollandamerica.com/en_US/shore-excursions/1010056/anne-gilbert-the-musical.html
n,y,y,As You Like It: Acadia National Park,https://www.hollandamerica.com/en_US/shore-excursions/1010065/as-you-like-it-acadia-national-park.html
y,y,y,Baddeck & The Alexander Graham Bell Museum,https://www.hollandamerica.com/en_US/shore-excursions/1010056/baddeck-the-alexander-graham-bell-museum.html
n,y,y,Baddeck On Your Own,https://www.hollandamerica.com/en_US/shore-excursions/1010066/baddeck-on-your-own.html
n,y,y,Bar Harbor By Land & Sea,https://www.hollandamerica.com/en_US/shore-excursions/1010066/bar-harbor-by-land-sea.html
n,y,y,Bay Of Fundy Coastal Photography Tour,https://www.hollandamerica.com/en_US/shore-excursions/1010066/bay-of-fundy-coastal-photography-tour.html
n,y,y,"Bays Of Fundy, Grand Pre & Winery: In Partnership With Food & Wine Magazine",https://www.hollandamerica.com/en_US/shore-excursions/1010056/bays-of-fundy-grand-pre-winery-in-partnership-with-food-wine-magazine.html
y,y,y,Best Of Both Worlds,https://www.hollandamerica.com/en_US/shore-excursions/1010056/best-of-both-worlds.html
y,y,y,Best Of Prince Edward Island,https://www.hollandamerica.com/en_US/shore-excursions/1010056/best-of-prince-edward-island.html
y,y,y,Best Of Quebec & Countryside With Lunch,https://www.hollandamerica.com/en_US/shore-excursions/1010056/best-of-quebec-countryside-with-lunch.html
n,y,y,Best Of Saguenay,https://www.hollandamerica.com/en_US/shore-excursions/1010056/best-of-saguenay.html
n,y,y,Bicycle Adventure To Montmorency Falls,https://www.hollandamerica.com/en_US/shore-excursions/1010056/bicycle-adventure-to-montmorency-falls.html
y,y,y,Bike Through Acadia National Park,https://www.hollandamerica.com/en_US/shore-excursions/1010056/bike-through-acadia-national-park.html
y,y,y,Boone Hall Plantation,https://www.hollandamerica.com/en_US/shore-excursions/1010056/boone-hall-plantation.html
y,y,y,Boston Highlights By Duck,https://www.hollandamerica.com/en_US/shore-excursions/1010056/boston-highlights-by-duck.html
n,y,y,Boston By Night & Lobster Dinner,https://www.hollandamerica.com/en_US/shore-excursions/1010066/boston-by-night-lobster-dinner.html
y,y,y,"Boston, Lexington & Concord With Lunch",https://www.hollandamerica.com/en_US/shore-excursions/1010056/boston-lexington-concord-with-lunch.html
n,y,y,Brunch At The Maple Sugar Farm,https://www.hollandamerica.com/en_US/shore-excursions/1010066/brunch-at-the-maple-sugar-farm.html
y,y,y,Butterfly Conservatory & Aquarium,https://www.hollandamerica.com/en_US/shore-excursions/1010059/butterfly-conservatory-aquarium.html
y,y,y,Butterfly Conservatory & Aquarium (Wheelchair Accessible),https://www.hollandamerica.com/en_US/shore-excursions/1010059/butterfly-conservatory-aquarium-wheelchair-accessible.html
n,y,y,Cape Breton: A Cultural Exploration,https://www.hollandamerica.com/en_US/shore-excursions/1010056/cape-breton-a-cultural-exploration.html
y,y,y,Catamaran Sail & Snorkel,https://www.hollandamerica.com/en_US/shore-excursions/1010059/catamaran-sail-snorkel.html
y,y,y,Charlottetown On Your Own (GPS),https://www.hollandamerica.com/en_US/shore-excursions/1010056/charlottetown-on-your-own-gps.html
y,y,y,Chicoutimi City Highlights,https://www.hollandamerica.com/en_US/shore-excursions/1010056/chicoutimi-city-highlights.html
n,n,n,"About Us

",https://www.hollandamerica.com/en_US/shore-excursions/1010063/chinese-junk-tour.html
n,y,y,Corner Brook Highlights,https://www.hollandamerica.com/en_US/shore-excursions/1010066/corner-brook-highlights.html
y,y,y,Discover Charleston's Unique Historic District,https://www.hollandamerica.com/en_US/shore-excursions/1010056/discover-charleston-s-unique-historic-district.html
y,y,y,Discover Charleston's Unique Historic District (Wheelchair Accessible),https://www.hollandamerica.com/en_US/shore-excursions/1010056/discover-charleston-s-unique-historic-district-wheelchair-accessible.html
n,y,y,Discover The Fjord Secrets,https://www.hollandamerica.com/en_US/shore-excursions/1010056/discover-the-fjord-secrets.html
y,y,y,Disney's Magic Kingdom,https://www.hollandamerica.com/en_US/shore-excursions/1010060/disney-s-magic-kingdom.html
y,y,y,Dolphin Watch & Snorkel,https://www.hollandamerica.com/en_US/shore-excursions/1010059/dolphin-watch-snorkel.html
n,y,y,"Dolphins, Manatees & Alligators",https://www.hollandamerica.com/en_US/shore-excursions/1010060/dolphins-manatees-alligators.html
n,y,y,East Coast Art Party,https://www.hollandamerica.com/en_US/shore-excursions/1010063/east-coast-art-party.html
y,y,y,Everglades Airboat Ride,https://www.hollandamerica.com/en_US/shore-excursions/1010059/everglades-airboat-ride.html
y,y,y,Everglades Airboat Ride & Transfer To Ft Lauderdale Airport,https://www.hollandamerica.com/en_US/shore-excursions/1010059/everglades-airboat-ride-transfer-to-ft-lauderdale-airport.html
y,y,y,Everglades Airboat Ride & Transfer To Miami Airport,https://www.hollandamerica.com/en_US/shore-excursions/1010059/everglades-airboat-ride-transfer-to-miami-airport.html
n,y,y,"Exclusive Boston Sightseeing With Hop-On, Hop-Off Extension",https://www.hollandamerica.com/en_US/shore-excursions/1010063/exclusive-boston-sightseeing-with-hop-on-hop-off-extension.html
n,y,y,Explore The Ocean Floor,https://www.hollandamerica.com/en_US/shore-excursions/1010065/explore-the-ocean-floor.html
y,y,y,Extended Old Town Hop-On/Hop-Off Trolley,https://www.hollandamerica.com/en_US/shore-excursions/1010059/extended-old-town-hop-on-hop-off-trolley.html
y,y,y,Extended Old Town Hop-On/Hop-Off Trolley (Wheelchair Accessible),https://www.hollandamerica.com/en_US/shore-excursions/1010059/extended-old-town-hop-on-hop-off-trolley-wheelchair-accessible.html
n,n,n,"About Us

",https://www.hollandamerica.com/en_US/shore-excursions/1010063/fair-isle-food-tour.html
y,y,y,Fort Sumter & The Civil War In Charleston,https://www.hollandamerica.com/en_US/shore-excursions/1010056/fort-sumter-the-civil-war-in-charleston.html
n,y,y,Freeport & LL Bean Shopping Transfer,https://www.hollandamerica.com/en_US/shore-excursions/1010067/freeport-ll-bean-shopping-transfer.html
n,y,y,Fun With Falcons,https://www.hollandamerica.com/en_US/shore-excursions/1010056/fun-with-falcons.html
n,y,y,Grand Mansions Of Newport,https://www.hollandamerica.com/en_US/shore-excursions/1010067/grand-mansions-of-newport.html
n,y,y,Gros Morne National Park,https://www.hollandamerica.com/en_US/shore-excursions/1010066/gros-morne-national-park.html
n,n,n,"About Us

",https://www.hollandamerica.com/en_US/shore-excursions/1010066/gros-morne-park-tablelands-discovery-center-walk.html
y,y,y,Halifax By Horse-Drawn Trolley,https://www.hollandamerica.com/en_US/shore-excursions/1010056/halifax-by-horse-drawn-trolley.html
y,y,y,Haunted Historic Sydney: A Wicked Walking Tour,https://www.hollandamerica.com/en_US/shore-excursions/1010056/haunted-historic-sydney-a-wicked-walking-tour.html
y,y,y,Hike To Uisage Ban Falls,https://www.hollandamerica.com/en_US/shore-excursions/1010056/hike-to-uisage-ban-falls.html
n,y,y,Historic & Modern Quebec,https://www.hollandamerica.com/en_US/shore-excursions/1010066/historic-modern-quebec.html
y,y,y,Historic Boston & Cambridge,https://www.hollandamerica.com/en_US/shore-excursions/1010056/historic-boston-cambridge.html
n,y,y,Historic Charlottetown By Horse Drawn Trolley,https://www.hollandamerica.com/en_US/shore-excursions/1010056/historic-charlottetown-by-horse-drawn-trolley.html
y,y,y,Historic Lighthouses & Acadia National Park By Sea,https://www.hollandamerica.com/en_US/shore-excursions/1010056/historic-lighthouses-acadia-national-park-by-sea.html
n,y,y,Historic Salem & Witch Museum,https://www.hollandamerica.com/en_US/shore-excursions/1010056/historic-salem-witch-museum.html
y,y,y,Historic Tampa & Airport Transfer,https://www.hollandamerica.com/en_US/shore-excursions/1010059/historic-tampa-airport-transfer.html
y,y,y,Historic Tampa & Airport Transfer (Wheelchair Accessible),https://www.hollandamerica.com/en_US/shore-excursions/1010059/historic-tampa-airport-transfer-wheelchair-accessible.html
y,y,y,Historic Tampa - Intransit,https://www.hollandamerica.com/en_US/shore-excursions/1010059/historic-tampa-intransit.html
y,y,y,Historic Tampa - Intransit (Wheelchair Accessible),https://www.hollandamerica.com/en_US/shore-excursions/1010059/historic-tampa-intransit-wheelchair-accessible.html
y,y,y,Historical Lunenburg: A UNESCO World Heritage Site,https://www.hollandamerica.com/en_US/shore-excursions/1010056/historical-lunenburg-a-unesco-world-heritage-site.html
y,y,y,History & Legends,https://www.hollandamerica.com/en_US/shore-excursions/1010059/history-legends.html
y,y,y,History & Legends (Wheelchair Accessible),https://www.hollandamerica.com/en_US/shore-excursions/1010059/history-legends-wheelchair-accessible.html
y,y,y,Hop On Hop Off New York,https://www.hollandamerica.com/en_US/shore-excursions/1010056/hop-on-hop-off-new-york.html
n,y,y,Hop-On Hop-Off Halifax,https://www.hollandamerica.com/en_US/shore-excursions/1010056/hop-on-hop-off-halifax.html
n,y,y,"Hop-On, Hop-Off Baddeck",https://www.hollandamerica.com/en_US/shore-excursions/1010056/hop-on-hop-off-baddeck.html
n,y,y,"Hop-On, Hop-Off Halifax With Admission To The Maritime Museum",https://www.hollandamerica.com/en_US/shore-excursions/1010056/hop-on-hop-off-halifax-with-admission-to-the-maritime-museum.html
n,y,y,"Hop-On, Hop-Off Trolley",https://www.hollandamerica.com/en_US/shore-excursions/1010067/hop-on-hop-off-trolley.html
n,y,y,Horse-Drawn Trolley,https://www.hollandamerica.com/en_US/shore-excursions/1010067/horse-drawn-trolley.html
n,y,y,"Iconic Towns Of Nova Scotia: Peggy's Cove, Lunenburg, Mahone Bay",https://www.hollandamerica.com/en_US/shore-excursions/1010056/iconic-towns-of-nova-scotia-peggy-s-cove-lunenburg-mahone-bay.html
n,y,y,In The Footsteps Of Captain Cook,https://www.hollandamerica.com/en_US/shore-excursions/1010066/in-the-footsteps-of-captain-cook.html
y,y,y,Island Drive & Anne Of Green Gables,https://www.hollandamerica.com/en_US/shore-excursions/1010056/island-drive-anne-of-green-gables.html
n,y,y,Kayak Frenchman Bay,https://www.hollandamerica.com/en_US/shore-excursions/1010066/kayak-frenchman-bay.html
y,y,y,Kayaking At Manatee Cove,https://www.hollandamerica.com/en_US/shore-excursions/1010060/kayaking-at-manatee-cove.html
n,y,y,Kennebunkport,https://www.hollandamerica.com/en_US/shore-excursions/1010067/kennebunkport.html
n,y,y,Kennebunkport & Scenic Cruise,https://www.hollandamerica.com/en_US/shore-excursions/1010067/kennebunkport-scenic-cruise.html
y,y,y,Kennedy Space Center,https://www.hollandamerica.com/en_US/shore-excursions/1010060/kennedy-space-center.html
y,y,y,Kennedy Space Center (Wheelchair Accessible),https://www.hollandamerica.com/en_US/shore-excursions/1010060/kennedy-space-center-wheelchair-accessible.html
y,y,y,Key West Helicopter Adventure,https://www.hollandamerica.com/en_US/shore-excursions/1010059/key-west-helicopter-adventure.html
y,y,y,Key West Nature Kayak,https://www.hollandamerica.com/en_US/shore-excursions/1010059/key-west-nature-kayak.html
y,y,y,Key West Pub Crawl,https://www.hollandamerica.com/en_US/shore-excursions/1010059/key-west-pub-crawl.html
y,y,y,Key West By Bicycle,https://www.hollandamerica.com/en_US/shore-excursions/1010059/key-west-by-bicycle.html
y,y,y,Key West By Land & Sea,https://www.hollandamerica.com/en_US/shore-excursions/1010059/key-west-by-land-sea.html
n,y,y,Kickin' Ceilidh: A Nova Scotia Kitchen Party,https://www.hollandamerica.com/en_US/shore-excursions/1010056/kickin-ceilidh-a-nova-scotia-kitchen-party.html
n,y,y,La Fabuleuse Cultural Show,https://www.hollandamerica.com/en_US/shore-excursions/1010056/la-fabuleuse-cultural-show.html
y,y,y,Land & Sea Excursion,https://www.hollandamerica.com/en_US/shore-excursions/1010059/land-sea-excursion.html
y,y,y,Land & Sea Excursion & Transfer To Ft Lauderdale Airport,https://www.hollandamerica.com/en_US/shore-excursions/1010059/land-sea-excursion-transfer-to-ft-lauderdale-airport.html
y,y,y,Land & Sea Excursion & Transfer To Ft. Lauderdale Airport (Wheelchair Accessible),https://www.hollandamerica.com/en_US/shore-excursions/1010059/land-sea-excursion-transfer-to-ft-lauderdale-airport-wheelchair-accessible.html
y,y,y,Land & Sea Excursion & Transfer To Miami Airport,https://www.hollandamerica.com/en_US/shore-excursions/1010059/land-sea-excursion-transfer-to-miami-airport.html
y,y,y,Land & Sea Excursion & Transfer To Miami Airport (Wheelchair Accessible),https://www.hollandamerica.com/en_US/shore-excursions/1010059/land-sea-excursion-transfer-to-miami-airport-wheelchair-accessible.html
y,y,y,Land & Sea Excursion (Wheelchair Accessible),https://www.hollandamerica.com/en_US/shore-excursions/1010059/land-sea-excursion-wheelchair-accessible.html
n,y,y,Landscapes Of Quebec With Airport Transfer,https://www.hollandamerica.com/en_US/shore-excursions/1010056/landscapes-of-quebec-with-airport-transfer.html
y,y,y,Lexington & Concord,https://www.hollandamerica.com/en_US/shore-excursions/1010056/lexington-concord.html
n,y,y,Life Of A Coal Miner,https://www.hollandamerica.com/en_US/shore-excursions/1010056/life-of-a-coal-miner.html
n,y,y,Lobster Bake & Demo At Stewman's Lobster Pound: In Partnership With Food & Wine Magazine,https://www.hollandamerica.com/en_US/shore-excursions/1010063/lobster-bake-demo-at-stewman-s-lobster-pound-in-partnership-with-food-wine-magazine.html
n,y,y,Lobsters & Lighthouses By Boat,https://www.hollandamerica.com/en_US/shore-excursions/1010056/lobsters-lighthouses-by-boat.html
n,n,n,"About Us

",https://www.hollandamerica.com/en_US/shore-excursions/1010056/lower-manhattan-9-11-memorial.html
n,y,y,Lower Manhattan Sightseeing & Transfer To JFK Airport,https://www.hollandamerica.com/en_US/shore-excursions/1010067/lower-manhattan-sightseeing-transfer-to-jfk-airport.html
n,y,y,Lower Manhattan Sightseeing & Transfer To JFK Airport (Wheelchair Accessible),https://www.hollandamerica.com/en_US/shore-excursions/1010067/lower-manhattan-sightseeing-transfer-to-jfk-airport-wheelchair-accessible.html
n,y,y,Lower Manhattan Sightseeing & Transfer To La Guardia Airport,https://www.hollandamerica.com/en_US/shore-excursions/1010067/lower-manhattan-sightseeing-transfer-to-la-guardia-airport.html
n,y,y,Lower Manhattan Sightseeing & Transfer To La Guardia Airport (Wheelchair Accessible),https://www.hollandamerica.com/en_US/shore-excursions/1010067/lower-manhattan-sightseeing-transfer-to-la-guardia-airport-wheelchair-accessible.html
n,y,y,Lower Manhattan Sightseeing & Transfer To Newark Airport,https://www.hollandamerica.com/en_US/shore-excursions/1010067/lower-manhattan-sightseeing-transfer-to-newark-airport.html
n,y,y,Lower Manhattan Sightseeing & Transfer To Newark Airport (Wheelchair Accessible),https://www.hollandamerica.com/en_US/shore-excursions/1010067/lower-manhattan-sightseeing-transfer-to-newark-airport-wheelchair-accessible.html
y,y,y,Lulu Lobster Boat Ride,https://www.hollandamerica.com/en_US/shore-excursions/1010056/lulu-lobster-boat-ride.html
n,y,y,Magnolia Gardens & Plantation,https://www.hollandamerica.com/en_US/shore-excursions/1010056/magnolia-gardens-plantation.html
n,y,y,Martha's Vineyard Island Tour,https://www.hollandamerica.com/en_US/shore-excursions/1010067/martha-s-vineyard-island-tour.html
y,y,y,Montmorency Falls & The Island Of Orleans,https://www.hollandamerica.com/en_US/shore-excursions/1010056/montmorency-falls-the-island-of-orleans.html
n,y,y,Moosehead Brewery,https://www.hollandamerica.com/en_US/shore-excursions/1010066/moosehead-brewery.html
n,y,y,Newport Cliff Walk & 'The Breakers',https://www.hollandamerica.com/en_US/shore-excursions/1010067/newport-cliff-walk-the-breakers-.html
n,y,y,Newport's America Cup Sailing Experience,https://www.hollandamerica.com/en_US/shore-excursions/1010067/newport-s-america-cup-sailing-experience.html
n,y,y,"O Canada, Eh? (A Small-Group Tour)",https://www.hollandamerica.com/en_US/shore-excursions/1010056/o-canada-eh-a-small-group-tour.html
y,y,y,Old & New Montreal,https://www.hollandamerica.com/en_US/shore-excursions/1010056/old-new-montreal.html
y,y,y,Old & New Montreal With Airport Transfer,https://www.hollandamerica.com/en_US/shore-excursions/1010056/old-new-montreal-with-airport-transfer.html
n,y,y,"Old Quebec, Montmorency Falls & Chez Muffy: In Partnership With Food & Wine Magazine",https://www.hollandamerica.com/en_US/shore-excursions/1010063/old-quebec-montmorency-falls-chez-muffy-in-partnership-with-food-wine-magazine.html
y,y,y,"PEI Coast, Lighthouse & Cellar",https://www.hollandamerica.com/en_US/shore-excursions/1010056/pei-coast-lighthouse-cellar.html
n,y,y,PEI: Top 10,https://www.hollandamerica.com/en_US/shore-excursions/1010056/pei-top-10.html
y,y,y,Paddleboard Adventure,https://www.hollandamerica.com/en_US/shore-excursions/1010059/paddleboard-adventure.html
y,y,y,Panoramic Bar Harbor & Acadia National Park,https://www.hollandamerica.com/en_US/shore-excursions/1010056/panoramic-bar-harbor-acadia-national-park.html
y,y,y,Panoramic Island Drive,https://www.hollandamerica.com/en_US/shore-excursions/1010056/panoramic-island-drive.html
y,y,y,Panoramic New York Highlights,https://www.hollandamerica.com/en_US/shore-excursions/1010056/panoramic-new-york-highlights.html
y,y,y,Panoramic New York Highlights (Wheelchair Accessible),https://www.hollandamerica.com/en_US/shore-excursions/1010056/panoramic-new-york-highlights-wheelchair-accessible.html
n,y,y,Panoramic Newport,https://www.hollandamerica.com/en_US/shore-excursions/1010067/panoramic-newport.html
n,y,y,Panoramic Newport (Wheelchair Accessible),https://www.hollandamerica.com/en_US/shore-excursions/1010067/panoramic-newport-wheelchair-accessible.html
n,n,n,"About Us

",https://www.hollandamerica.com/en_US/shore-excursions/1010067/peaks-island-lobster-bake.html
y,y,y,Peggy's Cove,https://www.hollandamerica.com/en_US/shore-excursions/1010056/peggy-s-cove.html
y,y,y,"Peggy's Cove & Hop-On, Hop-Off Double-Decker Combo",https://www.hollandamerica.com/en_US/shore-excursions/1010056/peggy-s-cove-hop-on-hop-off-double-decker-combo.html
y,y,y,Peggy's Cove & Titanic Combination,https://www.hollandamerica.com/en_US/shore-excursions/1010056/peggy-s-cove-titanic-combination.html
y,y,y,Peggy's Cove Extended Visit & Lunch,https://www.hollandamerica.com/en_US/shore-excursions/1010056/peggy-s-cove-extended-visit-lunch.html
n,y,y,Peggy's Cove On Your Own: Extended Visit,https://www.hollandamerica.com/en_US/shore-excursions/1010056/peggy-s-cove-on-your-own-extended-visit.html
n,y,y,Portland Highlights & Schooner Adventure,https://www.hollandamerica.com/en_US/shore-excursions/1010067/portland-highlights-schooner-adventure.html
n,y,y,Portland Highlights & Victoria Mansion,https://www.hollandamerica.com/en_US/shore-excursions/1010067/portland-highlights-victoria-mansion.html
n,y,y,"Portland Highlights, Fort Williams & Lighthouse",https://www.hollandamerica.com/en_US/shore-excursions/1010067/portland-highlights-fort-williams-lighthouse.html
n,y,y,"Portland Highlights, Fort Williams & Lighthouse (Wheelchair Accessible)",https://www.hollandamerica.com/en_US/shore-excursions/1010067/portland-highlights-fort-williams-lighthouse-wheelchair-accessible.html
y,y,y,President Truman's Key West & Old Town Trolley,https://www.hollandamerica.com/en_US/shore-excursions/1010059/president-truman-s-key-west-old-town-trolley.html
y,y,y,President Truman's Key West & Old Trolley (Wheelchair Accessible),https://www.hollandamerica.com/en_US/shore-excursions/1010059/president-truman-s-key-west-old-trolley-wheelchair-accessible.html
y,y,y,Private Car - Full Day,https://www.hollandamerica.com/en_US/shore-excursions/1010047/private-car-full-day.html
y,y,y,Private Car - Half Day,https://www.hollandamerica.com/en_US/shore-excursions/1010047/private-car-half-day.html
y,y,y,Private Car - Half Day,https://www.hollandamerica.com/en_US/shore-excursions/1010048/private-car-half-day.html
y,y,y,Private Limo - Half Day,https://www.hollandamerica.com/en_US/shore-excursions/1010048/private-limo-half-day.html
y,y,y,Private SUV - Full Day,https://www.hollandamerica.com/en_US/shore-excursions/1010047/private-suv-full-day.html
y,y,y,Private SUV - Half Day,https://www.hollandamerica.com/en_US/shore-excursions/1010047/private-suv-half-day.html
y,y,y,Private Van - Full Day,https://www.hollandamerica.com/en_US/shore-excursions/1010047/private-van-full-day.html
y,y,y,Private Van - Half Day,https://www.hollandamerica.com/en_US/shore-excursions/1010047/private-van-half-day.html
y,y,y,Private Van - Half Day,https://www.hollandamerica.com/en_US/shore-excursions/1010048/private-van-half-day.html
n,y,y,Quebec City Culinary Walk: In Partnership With Food & Wine Magazine,https://www.hollandamerica.com/en_US/shore-excursions/1010063/quebec-city-culinary-walk-in-partnership-with-food-wine-magazine.html
n,y,y,Quebec City By Helicopter,https://www.hollandamerica.com/en_US/shore-excursions/1010066/quebec-city-by-helicopter.html
n,y,y,Relive History At The Fortress Of Louisbourg,https://www.hollandamerica.com/en_US/shore-excursions/1010056/relive-history-at-the-fortress-of-louisbourg.html
n,y,y,Rose Island Lighthouse & Harbor Cruise,https://www.hollandamerica.com/en_US/shore-excursions/1010067/rose-island-lighthouse-harbor-cruise.html
y,y,y,Saguenay & Val-Jalbert,https://www.hollandamerica.com/en_US/shore-excursions/1010056/saguenay-val-jalbert.html
y,y,y,Saguenay & The Heritage Route,https://www.hollandamerica.com/en_US/shore-excursions/1010056/saguenay-the-heritage-route.html
y,y,y,Saguenay Hiking,https://www.hollandamerica.com/en_US/shore-excursions/1010056/saguenay-hiking.html
n,n,n,"About Us

",https://www.hollandamerica.com/en_US/shore-excursions/1010063/saguenay-microbrewery-vineyard-experience.html
y,y,y,Saguenay Sea Kayaking,https://www.hollandamerica.com/en_US/shore-excursions/1010056/saguenay-sea-kayaking.html
y,y,y,Sailing On The Bras D'Or Lakes,https://www.hollandamerica.com/en_US/shore-excursions/1010056/sailing-on-the-bras-d-or-lakes.html
n,y,y,Saint John City Highlights,https://www.hollandamerica.com/en_US/shore-excursions/1010066/saint-john-city-highlights.html
y,y,y,Scenic Boston,https://www.hollandamerica.com/en_US/shore-excursions/1010056/scenic-boston.html
n,y,y,Scenic Boston & Harbor Cruise,https://www.hollandamerica.com/en_US/shore-excursions/1010056/scenic-boston-harbor-cruise.html
n,y,y,Scenic Boston (Wheelchair Accessible),https://www.hollandamerica.com/en_US/shore-excursions/1010066/scenic-boston-wheelchair-accessible.html
n,y,y,Scenic Boston With Airport Transfer,https://www.hollandamerica.com/en_US/shore-excursions/1010066/scenic-boston-with-airport-transfer.html
n,y,y,Scenic Boston With Airport Transfer (Wheelchair Accessible),https://www.hollandamerica.com/en_US/shore-excursions/1010066/scenic-boston-with-airport-transfer-wheelchair-accessible.html
y,y,y,SeaWorld Adventure Park,https://www.hollandamerica.com/en_US/shore-excursions/1010060/seaworld-adventure-park.html
y,y,y,Spirit Of The Fiddle: Kitchen Party Experience,https://www.hollandamerica.com/en_US/shore-excursions/1010056/spirit-of-the-fiddle-kitchen-party-experience.html
n,y,y,St Martins & The Bay Of Fundy,https://www.hollandamerica.com/en_US/shore-excursions/1010066/st-martins-the-bay-of-fundy.html
n,y,y,Ste-Anne Canyon & Winery,https://www.hollandamerica.com/en_US/shore-excursions/1010056/ste-anne-canyon-winery.html
y,y,y,Ste-Anne-De-Beaupre & Montmorency Falls,https://www.hollandamerica.com/en_US/shore-excursions/1010056/ste-anne-de-beaupre-montmorency-falls.html
n,y,y,Step Back In Time: A Walk Through Victorian Bar Harbor,https://www.hollandamerica.com/en_US/shore-excursions/1010056/step-back-in-time-a-walk-through-victorian-bar-harbor.html
n,y,y,Sunset Cruise & Skywalk,https://www.hollandamerica.com/en_US/shore-excursions/1010066/sunset-cruise-skywalk.html
n,n,n,"About Us

",https://www.hollandamerica.com/en_US/shore-excursions/1010056/sydney-harbour-hopper.html
y,y,y,Sydney Highlights,https://www.hollandamerica.com/en_US/shore-excursions/1010056/sydney-highlights.html
y,y,y,The Best Of Cape Breton,https://www.hollandamerica.com/en_US/shore-excursions/1010056/the-best-of-cape-breton.html
y,y,y,The Best Of Halifax,https://www.hollandamerica.com/en_US/shore-excursions/1010056/the-best-of-halifax.html
n,y,y,"The Bird Islands Of Cape Breton: Puffins, Seals & Eagles",https://www.hollandamerica.com/en_US/shore-excursions/1010066/the-bird-islands-of-cape-breton-puffins-seals-eagles.html
y,y,y,The Bra's D'Or Lakes: Heart Of The Island,https://www.hollandamerica.com/en_US/shore-excursions/1010056/the-bra-s-d-or-lakes-heart-of-the-island.html
n,y,y,The Craftsman Road,https://www.hollandamerica.com/en_US/shore-excursions/1010056/the-craftsman-road.html
n,y,y,The First Nation Of Wendake,https://www.hollandamerica.com/en_US/shore-excursions/1010066/the-first-nation-of-wendake.html
n,y,y,The Ghosts Of Old Quebec,https://www.hollandamerica.com/en_US/shore-excursions/1010066/the-ghosts-of-old-quebec.html
y,y,y,The Heart Of Historic Halifax,https://www.hollandamerica.com/en_US/shore-excursions/1010056/the-heart-of-historic-halifax.html
n,y,y,The Heart Of Historic Halifax (Guided In Spanish),https://www.hollandamerica.com/en_US/shore-excursions/1010066/the-heart-of-historic-halifax-guided-in-spanish.html
n,y,y,"The Island's Finest: Anne, Lobster & Scenic Drive",https://www.hollandamerica.com/en_US/shore-excursions/1010066/the-island-s-finest-anne-lobster-scenic-drive.html
n,y,y,The Seafood Chef (A Small-Group Tour),https://www.hollandamerica.com/en_US/shore-excursions/1010056/the-seafood-chef-a-small-group-tour.html
n,y,y,The Vanderbilts' Newport,https://www.hollandamerica.com/en_US/shore-excursions/1010067/the-vanderbilts-newport.html
n,y,y,"Top Ten: Saint John, St Martin & Bay Of Fundy",https://www.hollandamerica.com/en_US/shore-excursions/1010066/top-ten-saint-john-st-martin-bay-of-fundy.html
n,y,y,Trolley 'Round Saint John,https://www.hollandamerica.com/en_US/shore-excursions/1010066/trolley-round-saint-john.html
y,y,y,UNESCO Historic Sites,https://www.hollandamerica.com/en_US/shore-excursions/1010056/unesco-historic-sites.html
n,y,y,Ultimate Anne Of Green Gables Experience,https://www.hollandamerica.com/en_US/shore-excursions/1010056/ultimate-anne-of-green-gables-experience.html
n,y,y,Universal Studios Orlando,https://www.hollandamerica.com/en_US/shore-excursions/1010060/universal-studios-orlando.html
n,y,y,Victorian Villages Of Mount Desert Island,https://www.hollandamerica.com/en_US/shore-excursions/1010062/victorian-villages-of-mount-desert-island.html
y,y,y,Walking The Freedom Trail,https://www.hollandamerica.com/en_US/shore-excursions/1010056/walking-the-freedom-trail.html
n,y,y,Whale Watching,https://www.hollandamerica.com/en_US/shore-excursions/1010066/whale-watching.html
y,y,y,World Famous Conch Train Hop-On/Hop-Off (Wheelchair Accessible),https://www.hollandamerica.com/en_US/shore-excursions/1010059/world-famous-conch-train-hop-on-hop-off-wheelchair-accessible.html
y,y,y,World-Famous Hop-On/Hop-Off Conch Train,https://www.hollandamerica.com/en_US/shore-excursions/1010059/world-famous-hop-on-hop-off-conch-train.html
